SL_code,Author_RU,Author_Transliterated,Work_RU,Work_EN,Translator_EN,Publisher_EN,Year_EN,Work_FR,Translator_FR,Publisher_FR,Year_FR,Notes,Work_FR_2,Translator_FR_2,Publisher_FR_2,Year_FR_2,Work_FR_3,Translator_FR_3,Publisher_FR_3,Year_FR_3,FR_available_free,FR_url,FR_lookup_confidence
Абрамов-1,Абрамов Федор Александрович,Abramov Fedor,Две зимы и три лета,Two Winters and Three Summers,Jacqueline Edwards and Mitchell Schneider,Harcourt Brace Jovanovich,1984,,,,,,,,,,,,,,,,high
Абрамов-1b,Абрамов Федор Александрович,Abramov Fedor,Две зимы и три лета,Two Winters and Three Summers,D.B. Powers and Doris C. Powers,Ann Arbor: Ardis,1984,,,,alternate translation,,,,,,,,,,,,high
Айтматов-1,Айтматов Чингиз,Aitmatov Chingiz,Белый пароход,The White Ship,Mirra Ginsburg,Crown Publishers,1972,Le Bateau blanc,Lily Denis,Julliard,1972,,Le Bateau blanc,Lily Denis,L'Âge d'Homme,1988,,,,,no,,high
Айтматов-1b,Айтматов Чингиз,Aitmatov Chingiz,Белый пароход,The White Steamship,Tatyana and George Feifer,Hodderand and Stoughton,1972,Le Bateau blanc,Lily Denis,Julliard,1972,,Le Bateau blanc,Lily Denis,Gallimard,1975,Le Bateau blanc,Lily Denis,Gallimard,1989,no,,high
Айтматов-2,Айтматов Чингиз,Aitmatov Chingiz,И дольше века длится день,The Day Lasts More Than a Hundred Years,John French,Indiana Univ. Press,1983,Une journée plus longue qu'un siècle,Lily Denis,Albin Michel,1982,,Et plus longtemps dure le jour que le siècle,Lily Denis,Albin Michel,1982,,,,,no,,high
Аксенов-1,Аксенов Василий Павлович,Aksenov Vasily,Апельсины из Марокко,Oranges from Morocco,Susan Brownsberger,Ann Arbor: Ardis,1979,Des oranges du Maroc,Lily Denis,Gallimard,1966,,,,,,,,,,no,,high
Аксенов-2,Аксенов Василий Павлович,Aksenov Vasily,Завтрак сорок третьего года,The Lunches of '43,Susan Brownsberger,,,Les Déjeuners de quarante-trois,Lily Denis,Gallimard,1996,,,,,,,,,,no,,high
Аксенов-3,Аксенов Василий Павлович,Aksenov Vasily,Затоваренная бочкотара,Surplussed Barrelware,Joel Wilkinson and Slava Yastremski,Ann Arbor: Ardis,1985,Une saga moscovite,Lily Denis,Gallimard,1994,,,,,,,,,,no,,high
Аксенов-4,Аксенов Василий Павлович,Aksenov Vasily,Маленький Кит,Little Whale Varnisher of Reality,Susan Brownsberger,,,Le petit navire,Lily Denis,Gallimard,1978,,,,,,,,,,no,,high
Аксенов-5,Аксенов Василий Павлович,Aksenov Vasily,На полпути к луне,Half-way to the Moon,R. Hingley,,,À mi-chemin de la lune,Lily Dennis,Gallimard,1965,,,,,,,,,,no,,high
Аксенов-6,Аксенов Василий Павлович,Aksenov Vasily,Ожог,The Burn,Michael Glenny,New York: Random House,1984,La Brûlure,Lily Denis,Gallimard,1985,,,,,,,,,,no,,high
Акунин-1,Акунин Борис [псевд. Чхартишвили Григорий Шалвович],Akunin Boris,Особые поручения,Special Assignments: The Further Adventures of Erast Fandorin,Andrew Bromfield,Random House,2007,Missions spéciales,Paul Lequesne,Presses de la Cité,2003,,Missions spéciales,Paul Lequesne,10/18,2005,,,,,no,,high
Акунин-2,Акунин Борис,Akunin Boris,Пелагия и черный монах,Sister Pelagia and the Black Monk,Andrew Bromfield,Random House,2008,Pélagie et le moine blanc,Paul Lequesne,Presses de la Cité,2007,,,,,,,,,,no,,high
Акунин-3,Акунин Борис,Akunin Boris,Смерть Ахиллеса,The Death of Achilles,Andrew Bromfield,Random House,2006,La mort d'Achille,Paul Lequesne,Presses de la Cité,2005,,,,,,,,,,no,,high
Акунин-4,Акунин Борис,Akunin Boris,Пелагия и красный петух,Sister Pelagia and the Red Cockerel,Andrew Bromfield,Random House,2008,Pélagie et le coq rouge,Paul Lequesne,Presses de la Cité,2007,,,,,,,,,,no,,high
Акунин-4a,Акунин Борис,Akunin Boris,Турецкий гамбит,The Turkish Gambit,Andrew Bromfield,Random House,2005,Le Gambit turc,Paul Lequesne,Presses de la Cité,2001,,,,,,,,,,no,,high
Акунин-5,Акунин Борис,Akunin Boris,На пути к смерти,,,,,Le Chemin de la mort,Paul Lequesne,Presses de la Cité,2007,,,,,,,,,,no,,high
Акунин-6,Акунин Борис,Akunin Boris,Пелагия и белый бульдог,Sister Pelagia and the White Bulldog,Andrew Bromfield,Random House,2006,Pélagie et le bouledogue blanc,Paul Lequesne,Presses de la Cité,2004,,,,,,,,,,no,,high
Акунин-7,Акунин Борис,Akunin Boris,Левиафан,Murder on the Leviathan,Andrew Bromfield,Random House,2004,Le Léviathan,Paul Lequesne,Presses de la Cité,2002,,Le Léviathan,Paul Lequesne,10/18 (Grands Détectives),2004,,,,,no,,high
Акунин-8,Акунин Борис,Akunin Boris,Зимняя королева,The Winter Queen,Andrew Bromfield,Random House,2003,Azazel,Paul Lequesne,Presses de la Cité,2001,,Azazel,Paul Lequesne,10/18,2003,,,,,no,,high
Алешковский-1,Алешковский Юз (Иосиф Ефимович),Aleshkovsky Yuz,Кенгуру,Kangaroo,Tamara Glenny,Farrar Straus & Giroux,1986,Kangourou,Lily Denis,Albin Michel,1987,,,,,,,,,,no,,high
Аллилуева-1,Аллилуева Светлана Иосифовна,Alliluyeva Svetlana,Двадцать писем к другу,Twenty Letters to a Friend,Priscilla Johnson McMillan,Harper & Row,1967,Vingt lettres à un ami,Lily Denis,Éditions du Seuil,1967,,,,,,,,,,no,,high
Амальрик-1,Амальрик Андрей Алексеевич,Amalrik Andrei,Записки диссидента,Notes of a Revolutionary,Guy Daniels,New York: Knopf,1982,Journal d'un révolté,G. Nivat,Éditions du Seuil,1982,,,,,,,,,,no,,high
Арбузов-1,Арбузов Алексей Николаевич,Arbuzov Aleksei,Двенадцатый час,The Twelfth Hour,Ariadne Nicolaeff,Oxford: Pergamon Press,1982,La Douzième heure,Édouard Brasey,L'Avant-Scène Théâtre,1972,,,,,,,,,,no,,high
Арбузов-2,Арбузов Алексей Николаевич,Arbuzov Aleksei,Жестокие игры,Cruel Games,,,,Jeux cruels,Genia Cannac,L'Arche,1979,see Arbuzov-1a,,,,,,,,,no,,high
Арбузов-3,Арбузов Алексей Николаевич,Arbuzov Aleksei,Старомодная комедия,,,,,Une comédie à l'ancienne mode,Édouard Brasey,L'Avant-Scène Théâtre,1978,see Arbuzov-3,Une comédie à l'ancienne,Nina Karsov and Antoine Vitez,Théâtre de l'Est parisien / Éditions Théâtrales,1976,,,,,no,,medium
Арбузов-4,Арбузов Алексей Николаевич,Arbuzov Aleksei,Обещание,The Promise,Richard Lourie,New York: Pantheon Books,1966,La Promesse,Édouard Brasey,L'Avant-Scène Théâtre,1969,,La Promesse,Genia Cannac,Editeurs Français Réunis,1967,,,,,no,,high
Арбузов-5,Арбузов Алексей Николаевич,Arbuzov Aleksei,Сказки старого Арбата,Once Upon a Time,,,,Il était une fois,Génia Cannac,L'Avant-Scène Théâtre,1972,,Il était une fois,Génia Cannac and Michel Vinaver,Théâtre National de Chaillot,1971,,,,,no,,high
Аржак-1,Аржак Николай (псевд. Даниэль Юлий Маркович),Arzhak Nikolai,Говорит Москва,This is Moscow Speaking,Harold Shukman and John Richardson,Collins & Harvill,1968,Ici Moscou,Lucia Menapace,Gallimard,1968,,,,,,,,,,no,,high
Арканов-1,Арканов Аркадий Михайлович (псевд. Штейнбок Аркадий),Arkanov Arkadii,Все раньше и раньше опускаются синие сумерки,,,,,,,,,,,,,,,,,,,,high
Ахмадулина-1,Ахмадулина Белла Ахатовна,Akhmadulina Bella,Много собак и собака,The Many Dogs and the Dog,H. William Tjalsma,,,,,,see ANTHOL-16,,,,,,,,,,,,medium
Битов-1,Битов Андрей Георгиевич,Bitov Andrei,Прощальные деньки,Days of Leavetaking,George Saunders,,,Les jours d'adieu,Lily Denis,Gallimard,1981,,,,,,,,,,no,,high
Битов-2,Битов Андрей Георгиевич,Bitov Andrei,Пушкинский дом,Pushkin House,Susan Brownsberger,Farrar Straus & Giroux,1987,La Maison Pouchkine,Lily Dennis,Éditions Albin Michel,1989,,,,,,,,,,no,,high
Богданов-1,Богданов Александр Александрович,Bogdanov Aleksandr,Красная звезда,Red Star,Charles Rougle,Indiana Univ. Press,1984,L'Étoile rouge,Léonid Krassin,La Bibliothèque socialiste,1910,,L'Étoile rouge,Viktoriya Fomenko,Éditions Aden,2000,L'Étoile rouge,Wladimir Berelowitch,L'Âge d'Homme,1985,no,,medium
Брагинский-1,Брагинский Эмиль и Рязанов Эльдар,Bragisnkii Emil and Riazanov Eldar,Ирония судьбы,The Irony of Fate,Robert Daglish,Soviet Literature,1978,,,,,,,,,,,,,,,,high
Булгаков-1,Булгаков Михаил Афанасьевич,Bulgakov Mikhail,Багровый остров,The Crimson Island,Carl and Ellendes Proffer,Indiana Univ. Press,1972,L'Île pourpre,Michel Pétris,L'Âge d'Homme,1989,,L'Île pourpre,Françoise Flamant,Gallimard,2012,,,,,no,,high
Булгаков-2,Булгаков Михаил Афанасьевич,Bulgakov Mikhail,Бег,Flight,Mirra Ginsburg,Grove Press,1969,La Fuite,Michel Pétris,L'Âge d'Homme,1973,,La Fuite,Françoise Flamant,Actes Sud-Papiers,1990,La Fuite: pièce en huit rêves,Michel Pétris,Gallimard,1993,no,,high
Булгаков-3,Булгаков Михаил Афанасьевич,Bulgakov Mikhail,Белая гвардия,Black Snow: A Theatrical Novel,Michael Glenny,Simon & Schuster,1967,La Garde blanche,Claude Ligny,Robert Laffont,1970,,La Garde blanche,Françoise Flamant,L'Âge d'Homme,1989,La Garde blanche,Michel Pétris,Gallimard,2000,no,,high
Булгаков-4,Булгаков Михаил Афанасьевич,Bulgakov Mikhail,Дни Турбиных,The Days of the Turbins,,,,Les Jours des Tourbine,Michel Pétris,L'Arche,1982, multiple translations listed,Les Jours des Tourbine,Génia Cannac et Georges Perros,L'Arche,1967,,,,,no,,high
Булгаков-5,Булгаков Михаил Афанасьевич,Bulgakov Mikhail,Жизнь господина де Мольера,The Life of Monsieur de Moliere,Mirra Ginsburg,Funk & Wagnalls,1970,La Vie de Monsieur de Molière,Michel Pétris,Éditions de l'Âge d'Homme,1972,,Molière ou la vie de Monsieur de Molière,Françoise Flamant,Le Livre de Poche,1988,La Vie de Monsieur de Molière,Michel Pétris,Actes Sud,1990,no,,high
Булгаков-6,Булгаков Михаил Афанасьевич,Bulgakov Mikhail,Записки юного врача,A Country Doctor's Notebook,Michael Glenny,Collins & Harvill,1975,Récits d'un jeune médecin,Michel Pétris,Robert Laffont,1975,,Les Carnets d'un jeune médecin,Vladimir Volkoff,L'Âge d'Homme,1989,Récits d'un jeune médecin,Michel Pétris,Pocket,1995,no,,high
Булгаков-7,Булгаков Михаил Афанасьевич,Bulgakov Mikhail,Зойкина квартира,Zoya's Apartment,,,,L'Appartement de Zoïa,Michel Pétris,L'Arche,1972, see Bulgakov-1,L'Appartement de Zoïka,Claude Ligny,Actes Sud-Papiers,1989,,,,,no,,high
Булгаков-8,Булгаков Михаил Афанасьевич,Bulgakov Mikhail,Кабала святош,A Cabal of Hypocrites,,,,La Cabale des dévots,Michel Pétris,L'Arche,1972, see Bulgakov-1,La Cabale des dévots,Édith Scherrer,Gallimard,1989,Molière ou La Cabale des dévots,Claude Ligny,Actes Sud-Papiers,1993,no,,high
Булгаков-9,Булгаков Михаил Афанасьевич,Bulgakov Mikhail,Мастер и Маргарита,The Master and Margarita,Mirra Ginsburg,Grove Press,1967,Le Maître et Marguerite,Claude Ligny,Robert Laffont,1968,Claude Ligny / others,Le Maître et Marguerite,Françoise Flamant,Gallimard,1968,Le Maître et Marguerite,Claude Ligny (revised),Robert Laffont / Pocket,1994,no,,high
Булгаков-10,Булгаков Михаил Афанасьевич,Bulgakov Mikhail,Собачье сердце,Heart of a Dog,Mirra Ginsburg,Grove Press,1968,Cœur de chien,Michel Pétris,L'Âge d'Homme,1971,,Cœur de chien,Françoise Flamant,Gallimard (Folio),1987,Cœur de chien,Claude Ligny,Actes Sud (Babel),1990,no,,high
Булгаков-11,Булгаков Михаил Афанасьевич,Bulgakov Mikhail,Театральный роман,,,,,Roman théâtral,Michel Pétris,Robert Laffont,1991,,Roman théâtral (Notes d'un défunt),Françoise Flamant,L'Age d'Homme,1977,Le roman de monsieur de Molière suivi de Notes sur la manchette et de Roman théâtral,Michel Pétris (for Roman théâtral),Gallimard,2004,no,,high
Булгаков-12,Булгаков Михаил Афанасьевич,Bulgakov Mikhail,Белая гвардия (роман),Black Snow: A Theatrical Novel,Michael Glenny,Simon & Schuster,1967,La Garde blanche,Claude Ligny,Robert Laffont,1970,,La Garde blanche,Hélène Peltier-Zamoyska,L'Âge d'Homme,1997,,,,,no,,high
Бунин-1,Бунин Иван Алексеевич,Bunin Ivan,Тёмные аллеи,Dark Avenues and Other Stories,Richard Hare,Hyperion Press,1977,Les Allées sombres,Michel Niqueux,L'Âge d'Homme,1987,,Les Allées sombres,Tatiana Roy,Gallimard,2009,Allées obscures,Vladimir Pozner,Seghers,1946,no,,high
Вампилов-1,Вампилов Александр Валентинович,Vampilov Aleksandr,Провинциальные анекдоты,Provincial Anecdotes,Kevin Windle,Univ. of Queensland Press,1983,Anecdotes provinciales,Lily Denis,L'Avant-Scène Théâtre,1978,,Anecdotes de province,André Markowicz and Françoise Morvan,Actes Sud-Papiers,1999,,,,,no,,high
Вампилов-2,Вампилов Александр Валентинович,Vampilov Aleksandr,Прощание в июне,Farewell in June,Amanda Metcalf,,,Adieu en juin,Lily Denis,L'Arche,1976,see Vampilov-1a,Adieu en juin,Lily Denis,Éditeurs Français Réunis,1974,,,,,no,,high
Вампилов-3,Вампилов Александр Валентинович,Vampilov Aleksandr,Последнее лето в Чулимске,Last Summer in Chulimsik,Margaret Wettlin,,,Le dernier été à Tchoulimsk,Lily Denis,L'Arche,1981,,Le dernier été de Tchoulimsk,André Markowicz and Françoise Morvan,Actes Sud-Papiers,1999,,,,,no,,high
Вампилов-4,Вампилов Александр Валентинович,Vampilov Aleksandr,Старший сын,The Elder Son,Kevin Windle,,,L'Aîné,Françoise Flamant,L'Arche,1978,,Le Fils aîné,André Markowicz and Françoise Morvan,Actes Sud-Papiers,1999,,,,,no,,high
Вампилов-5,Вампилов Александр Валентинович,Vampilov Aleksandr,Утиная охота,Duck Hunting,Kevin Windle,Dramatists Play Service,1980,La Chasse aux canards,Françoise Morvan,L'Arche,1989,,La Chasse au canard,André Markowicz and Françoise Morvan,Actes Sud-Papiers,1999,,,,,no,,high
Вахтин-1,Вахтин Борис Борисович,Vakhtin Boris,Дубленка,The Sheepskin Coat,George Saunders,,,,,,see ANTHOL-16,,,,,,,,,,,,high
Владимиров-1,Владимиров Леонид (псевд. Финкельштейн Леонид Владимирович),Vladimirov Leonid,Советский космический блеф,The Russian Space Bluff,David Floyd,Dial Press,1973,,,,,,,,,,,,,,,,high
Владимов-1,Владимов Георгий Николаевич,Vladimov Georgii,Верный Руслан,Faithful Ruslan: The Story of a Guard Dog,Richard Adams,Simon & Schuster,1979,"Rouslan, chien de garde",Wladimir Berelowitch,Albin Michel,1989,,Le Fidèle Rouslan,Wladimir Berelowitch,Albin Michel,1989,,,,,no,,high
Войнович-1,Войнович Владимир Николаевич,Voinovich Vladimir,Антисоветский Советский Союз,The Anti-Soviet Soviet Union,Richard Lourie,Harcourt Brace Jovanovich,1986,L'Union soviétique antisoviétique,Wladimir Berelowitch,Julliard,1986,,,,,,,,,,no,,high
Войнович-2,Войнович Владимир Николаевич,Voinovich Vladimir,Жизнь и необычайные приключения солдата Ивана Чонкина,The Life and Extraordinary Adventures of Private Ivan Chonkin,Richard Lourie,Bantam Books,1979,Les Aventures extraordinaires du soldat Ivan Tchonkine,Wladimir Berelowitch,Seuil,1980,,La Vie et les aventures extraordinaires du soldat Ivan Tchonkine,Wladimir Berelowitch,Seuil,1980,Prétendant au trône ou Les Aventures extraordinaires du soldat Ivan Tchonkine,Wladimir Berelowitch,Seuil,1981,no,,high
Войнович-3,Войнович Владимир Николаевич,Voinovich Vladimir,Иванькиада,The Ivankiad,David Lapeza,Ann Arbor: Ardis,1976,L'Ivankiade ou les mésaventures d'un écrivain soviétique aux prises avec l'administration,Wladimir Berelowitch,Seuil,1977,,,,,,,,,,no,,high
Войнович-4,Войнович Владимир Николаевич,Voinovich Vladimir,Претендент на престол,Pretender to the Throne,Richard Lourie,Farrar Straus & Giroux,1979,Le Prétendant au trône,Wladimir Berelowitch,Julliard,1981,,Le Prétendant au trône: les nouvelles aventures du soldat Ivan Tchonkine,Wladimir Berelowitch,Seuil,1989,,,,,no,,high
Войнович-5,Войнович Владимир Николаевич,Voinovich Vladimir,Путем взаимной переписки,,,Paris: YMCA-Press,1979,Par voie épistolaire,Lily Denis,Julliard,1981,,,,,,,,,,no,,high
Гальего-1,Гальего Рубен Давид Гонсалес,Gallego Ruben,Белое на черном,White on Black,Marian Schwartz,Harcourt,2006,Blanc sur noir,Luba Jurgenson,Éditions Verdier,2004,,,,,,,,,,no,,high
Герцен-1,Герцен Александр Иванович,Herzen Aleksandr,Былое и думы ч.1-3,My Past and Thoughts v.1-3,Constance Garnett rev. Humphrey Higgens,New York: Knopf,1968,Passé et Méditations,Daria Olivier,L'Âge d'Homme,1974-1981,,Le Passé et les pensées,M. Cadiou,Éditions Sociales,1962,Passé et Méditations (extraits),Various/Unknown,Éditions de la Pléiade,1948,no,,high
Герцен-2,Герцен Александр Иванович,Herzen Aleksandr,Былое и думы ч.4-5,,,,,Passé et méditations,Daria Olivier,L'Age d'Homme,1974-1981,,Le passé et les pensées,Mouza Pavlov-Siljanski,La Baconnière,1948-1950,Mémoires de Alexandre Herzen,L. Golschmann et D. Rousseau,Hachette,1930,no,,high
Герцен-3,Герцен Александр Иванович,Herzen Aleksandr,Былое и думы ч.6-8,,,,,Passé et méditations (ou Le passé et les réflexions),Daria Olivier,L'Âge d'Homme,1974-1981,,Le passé et les pensées,Gustave Aucouturier,Payot,1962,Mémoires de Alexandre Herzen,Luc de Goustine,Plon,1930-1931,no,,high
Гинзбург-1,Гинзбург Евгения Семеновна,Ginzburg Evgenia,Крутой маршрут,Journey into the Whirlwind,Paul Stevenson and Manya Harari,Harcourt Brace Jovanovich,1967,Le Vertige,Lily Denis,Éditions du Seuil,1967,,Le ciel de la Kolyma,Lily Denis,Éditions du Seuil,1980,,,,,no,,high
Гинзбург-2,Гинзбург Евгения Семеновна,Ginzburg Evgenia,Крутой маршрут том второй,Within the Whirlwind,Ian Boland,Collins & Harvill,1981,Le Vertige (tome 2),Lily Denis,Éditions du Seuil,1980,,Le Vertige,Lily Denis,Éditions du Seuil (collection Points),1982,,,,,no,,high
Гладков-1,Гладков Александр Константинович,Gladkov Aleksandr,Встречи с Пастернаком,Meetings with Pasternak,Max Hayward,Collins & Harvill,1977,Rencontres avec Pasternak,Gustave Aucouturier,Gallimard,1981,,,,,,,,,,no,,high
Гоголь-1,Гоголь Николай Васильевич,Gogol Nikolai,Собрание художественных произведений,,,Moscow: Akademia nauk,1960,,,,multiple works,,,,,,,,,,,,high
Гончаров-1,Гончаров Иван Александрович,Goncharov Ivan,Обломов,Oblomov,David Magarshack,Penguin Books,1954,Oblomov,Luba Jurgenson,L'Âge d'Homme,1988,,Oblomoff,Wladimir Bienstock,Plon-Nourrit,1877,Oblomov,Sylvie Luneau,Gallimard (Folio classique),2019,yes,https://gallica.bnf.fr/ark:/12148/bpt6k5617414r,high
Горенштейн-1,Горенштейн Фридрих Наумович,Gorenstein Fridrikh,Ступени,Steps,Barry Rubin and Vladimir Lunis,,,Les Marches,Dimitri Sesemann,Julliard,1991,,,,,,,,,,no,,high
Горький-1,Горький Максим (псевд. Пешков Алексей Максимович),Gorky Maksim,Враги,Enemies,Alexander Bakshy,Yale Univ. Press,1945,Les Ennemis,Serge Persky,Ollendorff,1909,,Les Ennemis,Boris de Schloezer,Librairie Stock,1920,Les Ennemis,Michel Cadot and Bernard Kreise,L'Arche,1958,yes,https://gallica.bnf.fr,high
Горький-2,Горький Максим,Gorky Maksim,Егор Булычев и другие,Yegor Bulichov and Others,Margaret Wettlin,,,Égor Boulytchev et les autres,Serge Youriévitch,Éditions Sociales Internationales,1933,,Egor Boulytchev et les autres,Michel Dumesnil de Gramont,L'Arche,1956,Égor Boulytchev,André Barsacq and Jean-Marie Conty,L'Avant-Scène,1964,no,,high
Горький-3,Горький Максим,Gorky Maksim,На дне,The Lower Depths,,,,Les Bas-fonds,Serge Persky,P.-V. Stock,1905, multiple translations,Les Bas-fonds,Benjamin Goriély,L'Arche,1956,Les Bas-fonds,Denis Roche,L'Arche,1973,yes,https://gallica.bnf.fr/ark:/12148/bpt6k114583f,high
Гранин-1,Гранин Даниил Александрович,Granin Daniil,Зубр,The Bison,Antonina W. Bouis,Doubleday,1990,Le Bison,Lily Denis,Éditions du Progrès,1989,,,,,,,,,,no,,high
Грекова-1,Грекова И. (псевд. Вентцель Елена Сергеевна),Grekova I.,Дамский мастер,Ladies' Hairdresser,Michel Petrov,,,Le Coiffeur pour dames,Lily Dennis,Éditions des Femmes,1985,,,,,,,,,,no,,high
Грекова-2,Грекова И.,Grekova I.,За проходной,Beyond the Gates,Eve Manning,,,,,,see ANTHOL-22,,,,,,,,,,,,high
Грекова-3,Грекова И.,Grekova I.,Хозяйка гостиницы,The Hotel Manager,Michel Petrov,,,,,,see Grekova-1b,,,,,,,,,,,,high
Гроссман-1,Гроссман Василий Семенович,Grossman Vasily,Все течет,Forever Flowing,Thomas P. Whitney,Harper & Row,1972,Tout passe,Alexis Berelowitch,L'Âge d'Homme,1984,,Tout passe,Alexis Berelowitch,Julliard,1989,Tout passe,Alexis Berelowitch,Robert Laffont (collection Pavillons),2006,no,,high
Гроссман-2,Гроссман Василий Семенович,Grossman Vasily,Жизнь и судьба,Life and Fate,Robert Chandler,New York Review Books,2006,Vie et Destin,Alexis Berelowitch et Anne Coldefy-Faucard,L'Âge d'Homme,1980,Alexis Berelowitch / others,Vie et Destin,Alexis Berelowitch,"Robert Laffont, collection Bouquins",2006,Vie et Destin,Alexis Berelowitch,Le Livre de Poche,2008,no,,high
Довлатов-1,Довлатов Сергей Донатович,Dovlatov Sergei,Невидимая книга,The Invisible Book,Katherine O'Connor and Diana L. Burgin,Ann Arbor: Ardis,1979,Le Livre invisible,Christine Zeytounian-Beloüs,Éditions Albin Michel,1994,,Le Livre invisible,Christine Zeytounian-Beloüs,Le Livre de Poche,1996,,,,,no,,high
Домбровский-1,Домбровский Юрий Осипович,Dombrovsky Iurii,Хранитель древностей,The Keeper of Antiquities,Michael Glenny,McGraw-Hill,1969,Le Gardien des antiquités,Wladimir Berelowitch,Julliard,1970,,Le Gardien des antiquités,Wladimir Berelowitch,Actes Sud,1993,,,,,no,,high
Домбровский-2,Домбровский Юрий Осипович,Dombrovsky Iurii,Факультет ненужных вещей,The Faculty of Useless Knowledge,Alan Myers,Harvill Press,1996,La Faculté de l'inutile,Wladimir Berelowitch,Gallimard,1991,,,,,,,,,,no,,high
Достоевский-1,Достоевский Федор Михайлович,Dostoyevsky Fyodor,Братья Карамазовы,The Brothers Karamazov,Richard Pevear and Larissa Volokhonsky,North Point Press,1990,Les Frères Karamazov,Ernest Halpérine-Kaminsky et Charles Morice,Plon,1888,,Les Frères Karamazov,Henri Mongault,Gallimard (Bibliothèque de la Pléiade),1952,Les Frères Karamazov,Boris de Schloezer,Gallimard,1929,yes,https://gallica.bnf.fr/ark:/12148/bpt6k5659963z,high
Достоевский-2,Достоевский Федор Михайлович,Dostoyevsky Fyodor,Братья Карамазовы,The Brothers Karamazov,David McDuff,Penguin Books,1993,Les Frères Karamazov,Henri Mongault,Gallimard,1952,,Les Frères Karamazov,Elisabeth Guertik,Le Livre de Poche,1972,Les Frères Karamazov,André Markowicz,Actes Sud,2002,yes,https://gallica.bnf.fr,high
Достоевский-3,Достоевский Федор Михайлович,Dostoyevsky Fyodor,Преступление и наказание,Crime and Punishment,Michael Scammell,,,Crime et châtiment,Victor Derély,Plon,1884,,Crime et châtiment,Pierre Pascal,Bossard,1926,Crime et châtiment,Elisabeth Guertik,Le Livre de Poche,1972,yes,https://gallica.bnf.fr/ark:/12148/bpt6k5628982h,high
Достоевский-4,Достоевский Федор Михайлович,Dostoyevsky Fyodor,Преступление и наказание,Crime and Punishment,Sidney Monas,New American Library,1968,Crime et châtiment,Victor Derély,Plon,1884,,Crime et châtiment,Pierre Pascal,Bossard,1923,Crime et châtiment,Elisabeth Guertik,Gallimard (Bibliothèque de la Pléiade),1950,yes,https://fr.wikisource.org/wiki/Crime_et_ch%C3%A2timent,high
Дудинцев-1,Дудинцев Владимир Дмитриевич,Dudintsev Vladimir,Не хлебом единым,Not by Bread Alone,Edith Bone,New York: Dutton,1957,L'Homme ne vit pas seulement de pain,Michel Ardan,Julliard,1957,,L'Homme ne vit pas seulement de pain,Michel Ardan,Le Livre de Poche,1959,,,,,no,,high
Евтушенко-1,Евтушенко Евгений Александрович,Yevtushenko Yevgeny,Ардабиола,Ardabiola,Armorer Wason,St. Martin's Press,1984,,,,,,,,,,,,,,,,medium
Ерофеев Вен.-1,Ерофеев Венедикт Васильевич,Erofeev Venedict,Москва-Петушки,Moscow to the End of the Line,H.W. Tjalsma,New York: Taplinger,1980,Moscou-sur-Vodka,Annie Epelboin,Albin Michel,1990,,Moscou-Petouchki,Annie Epelboin,Editions Allia,2004,,,,,no,,high
Ерофеев Вик.-2,Ерофеев Виктор Владимирович,Erofeev Viktor,Приспущенный оргазм столетья,A Fin de Siècle Orgasm,Martin Horwitz,,,,,,see ANTHOL-4,,,,,,,,,,,,medium
Залыгин-1,Залыгин Сергей Павлович,Zalygin Sergei,Южноамериканский вариант,The South American Variant,Kevin Windle,Univ. of Queensland Press,1979,,,,,,,,,,,,,,,,medium
Замятин-1,Замятин Евгений Иванович,Zamiatin Evgenii,Мы,We,Mirra Ginsburg,Viking Press,1972,Nous autres,B. Cauvet-Duhamel,Gallimard,1929,,Nous autres,Hélène Henry et Éveline Vivier,Éditions du Sagittaire,1971,Nous autres,Michel Pétris,L'Âge d'Homme,1979,no,,high
Зиновьев-1,Зиновьев Александр Александрович,Zinoviev Aleksandr,Зияющие высоты,The Yawning Heights,Gordon Clough,Random House,1978,Les hauteurs béantes,Wladimir Berelowitch,L'Âge d'Homme,1977,,,,,,,,,,no,,high
Зиновьев-2,Зиновьев Александр Александрович,Zinoviev Aleksandr,Светлое будущее,The Radiant Future,Gordon Clough,Random House,1980,L'Avenir radieux,Wladimir Berelowitch,L'Âge d'Homme,1978,,L'Avenir radieux,Wladimir Berelowitch,Julliard,1986,,,,,no,,high
Ивинская-1,Ивинская Ольга Всеволодовна,Ivinskaia Olga,В плену времени,A Captive of Time,Max Hayward,Doubleday,1978,Otages de l'éternité,Michel Aucouturier,Fayard,1978,,,,,,,,,,no,,high
Ильф-1 и Петров-1,Ильф Илья (псевд. Файнзильберг Илья Арнольдович) и Петров Евгений,Ilf Ilia and Petrov Evgenii,Двенадцать стульев,The Twelve Chairs,John H.C. Richardson,Random House,1962,Les Douze Chaises,Michel Pétris,Éditions du Progrès,1975,,Les Douze Chaises,Lily Denis,Robert Laffont,1991,Les Douze Chaises,Bernadette du Crest,Pavillons Poche,2008,yes,https://gallica.bnf.fr,high
Ильф-2 и Петров-2,Ильф Илья и Петров Евгений,Ilf Ilia and Petrov Evgenii,Золотой теленок,The Little Golden Calf,Charles Malamuth / Anne O. Fisher,various,1961/2009,Le Veau d'or,Michel Pétris,Gallimard,1936,,Le Veau d'or,L. Jurgenson,L'Âge d'Homme,1980,Le Veau d'or,Lily Denis,Robert Laffont,1991,no,,high
Искандер-1,Искандер Фазиль Абдулович,Iskander Fazil,Возмездие,Vengeance,Carl R. Proffer,,,,,,see ANTHOL-16,,,,,,,,,,,,medium
Искандер-2,Искандер Фазиль Абдулович,Iskander Fazil,Маленький гигант большого секса,A Sexy Little Giant,Carl R. Proffer,,,,,,see ANTHOL-16,,,,,,,,,,,,high
Искандер-3,Искандер Фазиль Абдулович,Iskander Fazil,Сандро из Чегема кн.1-3,The Gospel According to Chegem,Susan Brownsberger,Vintage,1984,Sandro de Tchéguem,Anne Coldefy-Faucard,Gallimard,1982,,L'Évangile selon Tchéguem,Anne Coldefy-Faucard,Gallimard,1984,,,,,no,,medium
Искандер-4,Искандер Фазиль Абдулович,Iskander Fazil,Сандро из Чегема кн.4,The Gospel According to Chegem (further),Susan Brownsberger,Vintage,1984,,,,,,,,,,,,,,,,medium
Искандер-5,Искандер Фазиль Абдулович,Iskander Fazil,Созвездие Козлотура,The Goatibex Constellation,Helen Burlingame,Ann Arbor: Ardis,1982,La constellation du Chevreur,Lily Denis,Albin Michel,1977,,,,,,,,,,no,,high
Искандер-6,Искандер Фазиль Абдулович,Iskander Fazil,Джамхух-Сын Оленя,,,,,,,,,,,,,,,,,,,,high
Иоффе-1,Иоффе Мария Михайловна,Joffe Maria,Одна ночь,One Long Night: A Tale of Truth,Vera Dixon,Clapham: New Park Publications,1978,,,,,,,,,,,,,,,,medium
Каверин-1,Каверин Вениамин Александрович,Kaverin Veniamin,Открытая книга,Open Book,Brian Pearce,Lawrence & Wishart,1955,Le livre ouvert,Michel Parfenov,Éditions en langues étrangères,1956,,Le livre ouvert,Michel Parfenov,Éditeurs français réunis,1957,,,,,no,,high
Казаков-1,Казаков Юрий Павлович,Kazakov Iurii,Адам и Ева,Adam and Eve,Manya Harari,,,Adam et Ève,Lily Denis,Gallimard (collection Du monde entier),1963,,Adam et Ève,Lily Denis,Éditions en langues étrangères (Moscou),1960s,,,,,no,,high
Казаков-2,Казаков Юрий Павлович,Kazakov Iurii,Голубое и зеленое,The Blue and the Green,Gabriella Azrael,,,Le bleu et le vert,Lily Denis,Gallimard,1965,,Le bleu et le vert,Lily Denis,Julliard,1964,,,,,no,,high
Катаев-1,Катаев Валентин Петрович,Kataev Valentin,Время вперёд!,Time Forward!,Charles Malamuth,Indiana Univ. Press,1976,En avant le temps !,Serge Romoff,Éditions Sociales Internationales,1933,,Le Temps en avant,Michel Parfenov,Éditions du Progrès,1977,,,,,no,,medium
Катаев-2,Катаев Валентин Петрович,Kataev Valentin,Святой колодец,The Holy Well,Max Hayward and Harold Shukman,Walker,1967,Le Puits sacré,Lily Denis,Gallimard,1968,,,,,,,,,,no,,high
Катаев-3,Катаев Валентин Петрович,Kataev Valentin,Трава забвенья,The Grass of Oblivion,Robert Daglish,Macmillan,1969,L'Herbe de l'oubli,Lily Denis,Gallimard,1969,,,,,,,,,,no,,high
Кожевников-1,Кожевников Петр Валерьевич,Kozhevnikov Petr,Две тетради,Two Diaries,Ellendes Proffer,,,,,,see ANTHOL-4,,,,,,,,,,,,high
Копелев-1,Копелев Лев Зиновьевич,Kopelev Lev,Утоли мои печали,Ease My Sorrows: A Memoir,Antonina W. Bouis,Random House,1983,Consoler mes tourments,Lily Denis,Albin Michel,1985,,,,,,,,,,no,,high
Коротюков-1,Коротюков Алексей Константинович,Korotiukov Aleksei,Нелегко быть русским шпионом,It's Hard to Be a Russian Spy,Joseph Kiegel,Pocket Books,1985,,,,,,,,,,,,,,,,high
Кузнецов-1,Кузнецов Анатолий Васильевич,Kuznetsov Anatolii,Бабий Яр,Babi Yar: A Documentary Novel,Jacob Guralsky,Dial Press,1967,Babi Yar,Michel Parfenov,Robert Laffont,1970,,Babi Yar : roman-document,Michel Parfenov,Robert Laffont,1980,,,,,no,,high
Лермонтов-1,Лермонтов Михаил Юрьевич,Lermontov Mikhail,Герой нашего времени,A Hero of Our Time,Vladimir Nabokov,Doubleday,1958,Un héros de notre temps,Alexandre Delaveau,Paulin,1845,,Un héros de notre temps,Sylvie Luneau,L'Âge d'Homme,1975,Un héros de notre temps,André Markowicz,Actes Sud,1999,yes,https://gallica.bnf.fr,high
Лившиц-1,Лившиц Бенедикт Константинович,Livshits Benedikt,Полутораглазый стрелец,The One and a Half-Eyed Archer,John E. Bowlt,Oriental Research Partners,1977,L'Archer à un œil et demi,Valentine Marcadé,L'Âge d'Homme,1971,,,,,,,,,,no,,high
Лимонов-1,Лимонов Эдуард (псевд. Савенко Эдуард Вениаминович),Limonov Eduard,Это я — Эдичка,It's Me Eddie: A Fictional Memoir,S.L. Campbell,Random House,1983,Le poète russe préfère les grands nègres,Véronique Patte,Ramsay,1980,,Le poète russe préfère les grands nègres,Véronique Patte,Éditions du Rocher,1995,Le poète russe préfère les grands nègres,Véronique Patte,Actes Sud,2003,no,,high
Львов-1,Львов Аркадий Львович (псевд. Бинштейн Аркадий),Lvov Arkadii,Дворик,The Courtyard,Richard Lourie,Doubleday,1989,,,,,,,,,,,,,,,,medium
Максимов-1,Максимов Владимир Емельянович,Maksimov Vladimir,Ковчег для незваных,Ark for the Uncalled,Julian Graffy,Quartet Books,1984,L'Arche pour les exclus,Lily Denis,Éditions Albin Michel,1981,,,,,,,,,,no,,high
Максимов-2,Максимов Владимир Емельянович,Maksimov Vladimir,Прощание из ниоткуда,Farewell from Nowhere,Michael Glenny,Collins & Harvill,1978,Adieu de nulle part,Lily Denis,Albin Michel,1978,,,,,,,,,,no,,high
Максимов-3,Максимов Владимир Емельянович,Maksimov Vladimir,Семь дней творения,The Seven Days of Creation,,New York: Knopf,1975,Les Sept Jours de la Création,Lily Denis,Éditions Gallimard,1975,,,,,,,,,,no,,high
Мандельштам-1,Мандельштам Надежда Яковлевна,Mandelshtam Nadezhda,Воспоминания,Hope Against Hope: A Memoir,Max Hayward,Atheneum,1970,Contre tout espoir : Souvenirs,Maya Minoustchine,Gallimard,1972,,Contre tout espoir : Souvenirs II,Maya Minoustchine,Gallimard,1974,,,,,no,,high
Мандельштам-2,Мандельштам Надежда Яковлевна,Mandelshtam Nadezhda,Вторая книга,Hope Abandoned,Max Hayward,Atheneum,1974,Contre tout espoir : souvenirs II,Maya Minoustchine,Gallimard,1975,,,,,,,,,,no,,high
Марченко-1,Марченко Анатолий Тихонович,Marchenko Anatolii,Мои показания,My Testimony,Michael Scammell,New York: Dutton,1969,Mon témoignage : les camps soviétiques aujourd'hui,Michel Amaghlobeli,Éditions du Seuil,1970,,,,,,,,,,no,,high
Маяковский-1,Маяковский Владимир Владимирович,Mayakovsky Vladimir,Клоп,The Bedbug,Max Hayward,Meridian Books,1960,La Punaise,Elsa Triolet,Éditeurs Français Réunis,1957,,La Punaise,Lucien Scheler and André Markowicz,L'Arche,1991,La Punaise,Elsa Triolet,Gallimard,1963,no,,high
Михайловская-1,Михайловская Кира Борисовна,Mikhailovskaia Kira,Переводчица из Интуриста,My Name is Asya,Catherine A. Burland,McGraw-Hill,1966,,,,,,,,,,,,,,,,high
Набоков-1,Набоков Владимир Владимирович,Nabokov Vladimir,Дар,The Gift,Michael Scammell,New York: Putnam,1963,Le Don,Raymond Girard,Gallimard,1967,,,,,,,,,,no,,high
Некрасов-1,Некрасов Виктор Платонович,Nekrasov Viktor,Кира Георгиевна,Kira Georgievna,Walter N. Vickery,Pantheon Books,1962,Kira Gueorguievna,Lily Denis,Julliard,1962,,,,,,,,,,no,,high
Обухова-1,Обухова Лидия Алексеевна,Obukhova Lidia,Лилит,Daughter of the Night: A Tale of Three Worlds,Mirra Ginsburg,Macmillan,1974,,,,,,,,,,,,,,,,high
Окуджава-1,Окуджава Булат Шалвович,Okudzhava Bulat,Будь здоров школяр,Goodluck Schoolboy!,John Richardson,,,"Bonne chance, écolier",Lily Denis,Albin Michel,1988,,Dilettante en uniforme,Lily Denis,Albin Michel,1994,,,,,no,,high
Окуджава-2,Окуджава Булат Шалвович,Okudzhava Bulat,Путешествие дилетантов,Nocturne: From the Notes of Lieutenant Amiran Amilakhvari,Antonina W. Bouis,Harper & Row,1978,Voyage des dilettantes,Lily Denis,Albin Michel,1982,,Le Voyage des dilettantes,Lily Denis,Albin Michel,1982,,,,,no,,high
Олеша-1,Олеша Юрий Карлович,Olesha Iurii,Вишневая косточка и др.,Envy and Other Works,A.R. MacAndrew,Doubleday,1967,L'Envie,Valentin Feldman,Éditions Rieder,1936,,L'Envie,Lily Denis,Gallimard (Collection Du Monde Entier),1965,L'Envie,Lily Denis,Gallimard (Folio),1979,no,,high
Олеша-2,Олеша Юрий Карлович,Olesha Iurii,Зависть,Envy,,,,L'Envie,Marianne Véron,Gallimard,1936,,L'Envie,Lily Denis,Éditions Hier et Aujourd'hui,1947,L'Envie,Lily Denis,Éditions en langues étrangères (Moscou),1957,no,,high
Олеша-3,Олеша Юрий Карлович,Olesha Iurii,Ни дня без строчки,,,Советская Россия,1965,Pas un jour sans une ligne,Lily Denis,Éditions des Syrtes,2001,,,,,,,,,,no,,high
Орлова-1,Орлова Раиса Давыдовна,Orlova Raisa,Воспоминания о непрошедшем времени,Memoirs,Samuel Cioran,Random House,1983,,,,,,,,,,,,,,,,high
Островский-1,Островский Александр Николаевич,Ostrovsky Aleksandr,Бедная невеста,The Poor Bride,Eugene K. Bristow,Pegasus,1969,La pauvre fiancée,Denis Roche,L'Arche,1956,,La pauvre fiancée,André Markowicz and Françoise Morvan,Actes Sud-Papiers / Théâtre National de Chaillot,1990s-2000s,,,,,no,,medium
Островский-2,Островский Александр Николаевич,Ostrovsky Aleksandr,Бедность не порок,Poverty is No Crime,George Rapall Noyes,Scribner,1917,Pauvreté n'est pas vice,Denis Roche,L'Arche,1956,,La pauvreté n'est pas un vice,Edouard Boutmy,Hachette,1884,La pauvreté n'est pas un vice,Arthur Adamov and André Markowicz (adapted),Various theatrical productions,1970s-1980s,yes,https://gallica.bnf.fr,medium
Островский-3,Островский Александр Николаевич,Ostrovsky Aleksandr,Без вины виноватые,More Sinned Against Than Sinning,,,,Sans faute coupable,Denis Roche,L'Arche,1956,,Coupable sans faute,André Markowicz and Françoise Morvan,Actes Sud-Papiers,1999,Sans être coupable,Unknown or various,Various 19th century publishers,1880s-1890s,no,,medium
Островский-4,Островский Александр Николаевич,Ostrovsky Aleksandr,Бешеные деньги,Fairy Gold,Camilla Chaplin Daniels and George Rapall Noyes,Poet Lore,1929,L'argent fou,Denis Roche,L'Arche,1957,,L'argent facile,Madeleine Étard,Éditions en langues étrangères (Moscow),1954,De l'argent fou,Georges Limbour and Arthur Adamov,L'Arche,1955,no,,medium
Островский-5,Островский Александр Николаевич,Ostrovsky Aleksandr,Волки и овцы,Wolves and Sheep,,,,Les Loups et les brebis,Denis Roche,L'Arche,1956,,Les Loups et les brebis,Anonyme/Non spécifié,Diverses éditions,1883,,,,,no,,medium
Островский-6,Островский Александр Николаевич,Ostrovsky Aleksandr,Гроза,The Storm,,,,L'Orage,Denis Roche,L'Arche,1956,,L'Orage,Édouard Beaux,Albert Savine,1889,L'Orage,Madeleine et Jacques Bloch-Michel,Éditeurs Français Réunis,1953,yes,https://gallica.bnf.fr/ark:/12148/bpt6k2085538,high
Островский-7,Островский Александр Николаевич,Ostrovsky Aleksandr,Лес,The Forest,Clara Vostrovsky Winlow and George Rapall Noyes,French,1926,La Forêt,Denis Roche,L'Arche,1956,,La Forêt,André Markowicz and Françoise Morvan,Actes Sud - Papiers,1998,La Forêt,Boris de Schloezer,Éditions Bossard,1923,yes,https://gallica.bnf.fr,high
Островский-8,Островский Александр Николаевич,Ostrovsky Aleksandr,На бойком месте,At the Jolly Spot,Jane Paxton Campbell and George Rapall Noyes,Poet Lore,1925,À l'endroit animé,Denis Roche,L'Arche,1956,,Dans un endroit passant,Unknown/Various,Unknown,circa 1900-1920,,,,,no,,medium
Островский-9,Островский Александр Николаевич,Ostrovsky Aleksandr,На всякого мудреца довольно простоты,Even a Wise Man Stumbles,,,,Assez de simplicité pour chaque sage,Denis Roche,L'Arche,1955,,Trop fin se trompe,André Markowicz and Françoise Morvan,Actes Sud-Papiers,2005,Le sage n'est pas toujours sage,Unknown/Various,Unknown,Late 19th century,no,,medium
Островский-10,Островский Александр Николаевич,Ostrovsky Aleksandr,Свои люди — сочтемся,It's a Family Affair — We'll Settle It Ourselves,Eugene K. Bristow,,,En famille on s'arrange,Denis Roche,L'Arche,1956,,"Entre nous, on s'arrangera",André Markowicz and Françoise Morvan,Actes Sud-Papiers,2001,Les affaires sont les affaires,Uncertain/Anonymous,Various 19th century editions,circa 1860s-1880s,no,,medium
Островский-11,Островский Александр Николаевич,Ostrovsky Aleksandr,Таланты и поклонники,Artistes and Admirers,Elisabeth Hanson,Manchester Univ. Press,1970,Talents et admirateurs,Denis Roche,L'Arche,1956,,Talents et admirateurs,Génia Cannac and Georges Perros,L'Arche,1963,,,,,no,,medium
Панова-1,Панова Вера Федоровна,Panova Vera,Сколько лет сколько зим,It's Been Ages!,,,,"Que d'années, que d'hivers!",Lily Denis,Éditions du Progrès,1968,,,,,,,,,,no,,medium
Пастернак-1,Пастернак Борис Леонидович,Pasternak Boris,Доктор Живаго,Doctor Zhivago,Max Hayward and Manya Harari,Pantheon,1958,Le Docteur Jivago,Hélène Peltier (née Iswolsky),Gallimard,1958,,Le Docteur Jivago,Michel Aucouturier et Jacqueline de Proyart,Gallimard (Bibliothèque de la Pléiade),1990,Le Docteur Jivago,Michel Aucouturier,Gallimard (Folio),1991,no,,high
Паустовский-1,Паустовский Константин Георгиевич,Paustovsky Konstantin,Повесть о жизни,The Story of a Life,Joseph Barnes / James Forsyth,Pantheon / Harvill,1964,Le Roman de ma vie,Lily Denis,Presses de la Cité,1965,,L'Histoire d'une vie,Various translators,Éditions du Progrès,1970s,Les Années lointaines,Lily Denis,Presses de la Cité,1965,no,,medium
Пелевин-1,Пелевин Виктор Олегович,Pelevin Viktor,Девятый сон Веры Павловны,Vera Pavlovna's Ninth Dream,Andrew Bromfield,New Directions,2009,Le neuvième rêve de Vera Pavlovna,Galia Ackerman et Pierre Lorrain,Éditions Allia,2014,,,,,,,,,,no,,high
Пильняк-1,Пильняк Борис (псевд. Вогау Борис Андреевич),Pilniak Boris,Голый год,The Naked Year,Alexander R. Tulloch,Ann Arbor: Ardis,1975,L'Année nue,Vitia Kasterska,Éditions Rieder,1926,,L'An nu,Michel Niqueux,L'Âge d'Homme,1999,,,,,no,,high
Писемский-1,Писемский Алексей Феофилактович,Pisemsky Aleksei,Горькая судьбина,A Bitter Fate,Alice Kagan and George Rapall Noyes,,,Un destin amer,Unknown/Various translators,Various,19th century,,,,,,,,,,no,,low
Платонов-1,Платонов Андрей Платонович,Platonov Andrei,Котлован,The Foundation Pit,Mirra Ginsburg,Dutton,1975,La Fouille,Louis Martinez,L'Âge d'Homme,1974,,Fouille,Louis Martinez,Robert Laffont,1996,La Fouille,André Markowicz,Intervalles,2012,no,,high
Погодин-1,Погодин Николай Федорович,Pogodin Nikolai,Сонет Петрарки,A Petrarchan Sonnet,,,,,,see ANTHOL-8,,,,,,,,,,,,,medium
Попов-1,Попов Евгений Анатольевич,Popov Evgenii,Чертова дюжина рассказов,A Baker's Dozen of Stories,George Saunders,,,Une douzaine de récits du diable,Anne Coldefy-Faucard,Interférences,1994,,,,,,,,,,no,,medium
Пушкин-1,Пушкин Александр Сергеевич,Pushkin Aleksandr,Дубровский,Dubrovsky,,,,Doubrowsky,Louis Viardot,Hachette,1847,,Doubrowsky,Prosper Mérimée,Calmann Lévy,1852,Doubrowsky,Jacques Meunier,Le Club français du livre,1957,yes,https://gallica.bnf.fr,high
Распутин-1,Распутин Валентин Григорьевич,Rasputin Valentin,Деньги для Марии,Money for Maria,Margaret Wettlin and Anita Miller,Quartet Books,1981,De l'argent pour Maria,Lily Denis,Éditions Raduga,1983,,De l'argent pour Maria,Lily Denis,Éditions du Progrès,1977,,,,,no,,high
Распутин-2,Распутин Валентин Григорьевич,Rasputin Valentin,Живи и помни,Live and Remember,Antonina W. Bouis,Macmillan,1978,Vis et souviens-toi,Lily Denis,Éditions du Progrès,1976,,Vis et souviens-toi,Lily Denis,Albin Michel,1978,,,,,no,,high
Распутин-3,Распутин Валентин Григорьевич,Rasputin Valentin,Последний срок,Borrowed Time,Kevin Windle,Quartet Books,1981,L'Ultime Étape,Lily Denis,Éditions Raduga,1984,,L'Ultime Étape,Lily Denis,Éditions du Progrès,1978,,,,,no,,high
Распутин-4,Распутин Валентин Григорьевич,Rasputin Valentin,Прощание с Матёрой,Farewell to Matyora,Antonina W. Bouis,Macmillan,1979,Les Adieux à l'île,Lily Denis,Albin Michel,1979,,L'Adieu à Matiora,Anne Coldefy-Faucard,L'Âge d'Homme,1982,,,,,no,,high
Розов-1,Розов Виктор Сергеевич,Rozov Viktor,В добрый час,The Young Graduates,John Richardson,,,À la bonne heure !,Genia Cannac,Éditeurs Français Réunis,1957,,Bonne chance,Not specified,L'Avant-Scène,1960s,,,,,no,,medium
Розов-2,Розов Виктор Сергеевич,Rozov Viktor,В поисках радости,In Search of Happiness,Robert Daglish,,,À la recherche du bonheur,Genia Cannac,Editeurs Français Réunis,1960,,En quête de joie,Unknown/Various anthologies,Various,1960s,,,,,no,,medium
Розов-3,Розов Виктор Сергеевич,Rozov Viktor,Вечно живые,,,,,Éternellement vivants,Édouard Braun,Éditeurs Français Réunis,1957,,Les Vivants éternels,Not specified,Appeared in various Soviet literary journals distributed in France,1950s,,,,,no,,medium
Розов-4,Розов Виктор Сергеевич,Rozov Viktor,С вечера до полудня,From Night Till Noon,Robert Daglish,,,,,,see ANTHOL-17,,,,,,,,,,,,medium
Рощин-1,Рощин Михаил Михайлович (псевд. Гибельман Михаил),Roshchin Mikhail,Валентин и Валентина,Valentin and Valentina,Irene Arn Vacchina and Edward Hastings,Dramatic Publishing Company,1978,Valentin et Valentine,Lily Denis,Editeurs Français Réunis,1973,,,,,,,,,,no,,medium
Рощин-2,Рощин Михаил Михайлович,Roshchin Mikhail,Старый новый год,The Old New Year,Alex Miller,,,,,,see ANTHOL-17,,,,,,,,,,,,medium
Рыбаков-1,Рыбаков Анатолий Наумович,Rybakov Anatolii,Тяжелый песок,Heavy Sand,Harold Shukman,Viking Press,1981,Sable mouvant,Lily Denis,Albin Michel,1981,,,,,,,,,,no,,high
Рыбаков-2,Рыбаков Анатолий Наумович,Rybakov Anatolii,Дети Арбата,Children of the Arbat,Harold Shukman,Little Brown,1988,Les Enfants de l'Arbat,Lily Denis,Albin Michel,1988,,Les Enfants de l'Arbat,Lily Denis,Le Livre de Poche,1990,,,,,no,,high
Салтыков-Щедрин-1,Салтыков-Щедрин Михаил Евграфович,Saltykov-Shchedrin Mikhail,История одного города,The History of a Town,Susan Brownsberger,Ann Arbor: Ardis,1982,Histoire d'une ville,Sylvie Luneau,L'Age d'Homme,1978,,Histoire d'une ville,Léon Jousserandot,Éditions Mondiales,1967,Histoire d'une ville,Boris de Schloezer,Gallimard,1934,no,,high
Салтыков-Щедрин-2,Салтыков-Щедрин Михаил Евграфович,Saltykov-Shchedrin Mikhail,Помпадуры и помпадурши,The Pompadours,David Magarshack,Ann Arbor: Ardis,1985,Les Pompadours,Denis Roche,Éditions du Progrès,1976,,Messieurs les Pompadours,André Pierre,Éditions en langues étrangères,1953,,,,,no,,medium
Салтыков-Щедрин-3,Салтыков-Щедрин Михаил Евграфович,Saltykov-Shchedrin Mikhail,Господа Головлевы,The Golovlevs,I.P. Foote,Oxford Univ. Press,1986,Les Golovlev,Serge Persky,Plon-Nourrit,1908,,Une famille de vauriens,Marc Semenoff (Marc Semionoff),Bossard,1922,Messieurs Golovlev,Sylvie Luneau,Gallimard (Collection L'Imaginaire),1978,yes,https://gallica.bnf.fr/ark:/12148/bpt6k6565733b,high
Салынский-1,Салынский Афанасий Дмитриевич,Salynskii Afanasii,Мария,Maria,Robert Daglish,,,,,,see ANTOL-17,,,,,,,,,,,,high
Семенов-1,Семенов Юлиан Семенович,Semenov Iulian,Петровка 38,Petrovka 38,Michael Scammell,Stein and Day,1965,Petrovka 38,Lily Denis,Éditions du Progrès,1965,,"38, rue Petrovka",Unknown,Éditions Raduga,1980s,,,,,no,,medium
Соколов-1,Соколов Саша (псевд. Соколов Александр Всеволодович),Sokolov Sasha,Школа для дураков,A School for Fools,Carl R. Proffer,Ann Arbor: Ardis,1977,Une école pour les fous,Lily Denis,Albin Michel,1986,,,,,,,,,,no,,high
Сологуб-1,Сологуб Федор Кузьмич (псевд. Тетерников Федор Кузьмич),Sologub Fedor,Мелкий бес,The Petty Demon,Andrew Field,Random House,1962,Le Démon mesquin,André Pierre,Éditions Bossard,1922,,Le Petit Démon,Sylvie Luneau,L'Âge d'Homme,1979,,,,,no,,high
Солженицын-1,Солженицын Александр Исаевич,Solzhenitsyn Aleksandr,Красное колесо Узел 1,August 1914: The Red Wheel/Knot 1,H.T. Willetts,Farrar Straus & Giroux,1989,Août quatorze,Alfreda Aucouturier et Georges Nivat,Éditions du Seuil,1972,,Août quatorze (version complète),Georges Nivat et Nikita Struve,Fayard,1983,,,,,no,,high
Солженицын-2,Солженицын Александр Исаевич,Solzhenitsyn Aleksandr,Бодался теленок с дубом,The Oak and the Calf,Harry Willetts,Harper & Row,1979,Le chêne et le veau,René Marichal,Éditions du Seuil,1975,,,,,,,,,,no,,high
Солженицын-3,Солженицын Александр Исаевич,Solzhenitsyn Aleksandr,В круге первом,The First Circle,Thomas P. Whitney / Harry T. Willetts,Harper & Row,1968,Le Premier Cercle,Alfreda Aucouturier,Robert Laffont,1968,,Le Premier Cercle,Louis Martinez and René Marichal,Fayard,1982,Le Premier Cercle,Louis Martinez,Le Livre de Poche,1982,no,,high
Солженицын-4,Солженицын Александр Исаевич,Solzhenitsyn Aleksandr,Случай на станции Кречетовка,An Incident at Krechetovka Station,Michael Glenny,Farrar Straus & Giroux,1970,Incident à la gare de Kretchetovka,Alfreda Aucouturier,Julliard,1964,,Incident à la gare de Kretchetovka,Alfreda Aucouturier,Le Livre de Poche,1970,L'Incident de la gare de Kretchetovka,Alfreda Aucouturier,Fayard,1998,no,,high
Солженицын-5,Солженицын Александр Исаевич,Solzhenitsyn Aleksandr,Ленин в Цюрихе,Lenin in Zurich: Chapters,H.T. Willetts,Farrar Straus & Giroux,1976,Lénine à Zurich,"Alfreda Aucouturier, Nikita Struve",Seuil,1975,,Lénine à Zurich,Alfreda Aucouturier,Fayard,1993,,,,,no,,high
Солженицын-6,Солженицын Александр Исаевич,Solzhenitsyn Aleksandr,Матренин двор,Matryona's Home,H.T. Willets,,,La Maison de Matriona,Alfreda Aucouturier,Julliard,1963,,La Maison de Matriona,Léon Robel,Julliard,1973,La Maison de Matriona,Georges Nivat and Michel Aucouturier,Fayard,1982,no,,high
Солженицын-7,Солженицын Александр Исаевич,Solzhenitsyn Aleksandr,Один день Ивана Денисовича,One Day in the Life of Ivan Denisovich,Max Hayward and Ronald Hingley / Ralph Parker / H.T. Willetts,various,various,Une journée d'Ivan Denissovitch,Lucia Cary et Jean Cathala,Julliard,1963,,Une journée d'Ivan Denissovitch,Léon et Andrée Robel,Union Générale d'Éditions (Collection 10/18),1968,Une journée d'Ivan Denissovitch,Lucia Cary et Jean Cathala,Robert Laffont (Collection Bouquins),1982,no,,high
Солженицын-8,Солженицын Александр Исаевич,Solzhenitsyn Aleksandr,Олень и шалашовка,The Love-Girl and the Innocent,Nicholas Bethell and David Burg,Farrar Straus & Giroux,1969,Le Cerf et la poupée du camp,Alfreda Aucouturier,Julliard,1971,,Le Cerf et la poupée du camp,Alfreda Aucouturier,Fayard,1973,La Fille du camp et l'innocent,Alfreda Aucouturier,Le Livre de Poche,1975,no,,high
Солженицын-9,Солженицын Александр Исаевич,Solzhenitsyn Aleksandr,Пленники,Prisoners: A Tragedy,Helen Rapp and Nancy Thomas,Bodley Head,1981,Les Prisonniers,Alfreda Aucouturier,Fayard,1983,,,,,,,,,,no,,high
Солженицын-10,Солженицын Александр Исаевич,Solzhenitsyn Aleksandr,Раковый корпус,Cancer Ward,Rebecca Frank / Carl R. Proffer,various,various,Le Pavillon des cancéreux,"Alfreda et Michel Aucouturier, Lucile et Georges Nivat",Julliard,1968,,Le Pavillon des cancéreux,"Alfreda et Michel Aucouturier, Lucile et Georges Nivat",Éditions du Seuil,1969,Le Pavillon des cancéreux,"Alfreda et Michel Aucouturier, Lucile et Georges Nivat",Le Livre de Poche,1970s,no,,high
Солженицын-11,Солженицын Александр Исаевич,Solzhenitsyn Aleksandr,Свеча на ветру,Candle in the Wind,Keith Armes,Univ. of Minnesota Press,1973,La Flamme au vent,Alfreda Aucouturier,Éditions du Seuil,1973,,,,,,,,,,no,,high
Сорокин-1,Сорокин Владимир Георгиевич,Sorokin Vladimir,Очередь,The Queue,Sally Laird,New York Review Books,2008,La Queue,Luba Jurgenson,Éditions de l'Olivier,1996,,,,,,,,,,no,,high
Стругацкий-1,Стругацкий Аркадий и Борис,Strugatskii Arkadii and Boris,Гадкие лебеди,The Ugly Swans,Alice Stone Nakhimovsky,Macmillan,1979,Les vilains cygnes,Vitta Hessel,Denoël,1982,,,,,,,,,,no,,high
Стругацкий-2,Стругацкий Аркадий и Борис,Strugatskii Arkadii and Boris,Обитаемый остров,Prisoners of Power,Helen Saltz Jacobson,Macmillan,1977,Les Naufragés du temps,Viktoriya Lajoye,Denoël,1978,,L'Île habitée,Viktoriya Lajoye,Denoël,2008,,,,,no,,high
Стругацкий-3,Стругацкий Аркадий и Борис,Strugatskii Arkadii and Boris,Сказка о тройке,Tale of the Troika,Antonina W. Bouis,Macmillan,1977,Le conte de la troïka,Viktoriya Lajoye,Denoël,1985,,Le conte de la troïka,Viktoriya Lajoye,Denoël,2000,,,,,no,,high
Суслов-1,Суслов Александр Васильевич,Suslov Aleksandr,Плакун-город,Loosestrife City,David Lapeza,Ann Arbor: Ardis,1980,,,,,,,,,,,,,,,,high
Сухово-Кобылин-1,Сухово-Кобылин Александр Васильевич,Sukhovo-Kobylin Aleksandr,Дело,The Case,Harold B. Segel,,,L'Affaire,André Markowicz et Françoise Morvan,Actes Sud-Papiers,1999,,L'Affaire,Édith Scherrer,L'Arche,1963,L'Affaire,Boris de Schloezer,La Renaissance du Livre,1923,no,,high
Сухово-Кобылин-2,Сухово-Кобылин Александр Васильевич,Sukhovo-Kobylin Aleksandr,Свадьба Кречинского,Krechinsky's Wedding,Robert Magidoff,Univ. of Michigan Press,1961,Le Mariage de Kretchinski,André Markowicz et Françoise Morvan,Actes Sud-Papiers,1999,,Le Mariage de Kretchinski,Denis Roche,L'Arche,1963,Le Mariage de Kretchinski,Arthur Adamov,Gallimard,1968,no,,high
Сухово-Кобылин-3,Сухово-Кобылин Александр Васильевич,Sukhovo-Kobylin Aleksandr,Смерть Тарелкина,The Death of Tarelkin,,,,La Mort de Tarélkine,André Markowicz et Françoise Morvan,Actes Sud-Papiers,1999,,La Mort de Tarélkine,Édouard Brasey,L'Âge d'Homme,1977,La Mort de Tarélkine,Arthur Adamov,Gallimard,1958,no,,high
Тендряков-1,Тендряков Владимир Федорович,Tendriakov Vladimir,Суд,Justice,Olive Stevens,,,Le Tribunal,Lily Denis,Éditions du Progrès,1962,,Le Procès,Lily Denis,Éditions en langues étrangères (Moscou),1961,,,,,no,,medium
Тендряков-2,Тендряков Владимир Федорович,Tendriakov Vladimir,Тройка семерка туз,Three Seven Ace,David Alger,,,"Trois, sept, as",Lily Denis,Éditions du Progrès,1962,,"Le trois, le sept et l'as",Lily Denis,Éditions en langues étrangères,1960s,,,,,no,,medium
Терц-1,Терц Абрам (псевд. Синявский Андрей Донатович),Tertz Abram,В цирке,At the Circus,Ronald Hingley,,,Au cirque,Lucia Grilli,Julliard,1965,,Au cirque,Lucia Grilli,Julliard,1973,,,,,no,,high
Терц-2,Терц Абрам,Tertz Abram,Голоэпидемия,,,,,L'Épidémie de voix,Lucia Samain,Éditions Albin Michel,1992,,,,,,,,,,no,,high
Терц-3,Терц Абрам,Tertz Abram,Голос из хора,A Voice from the Chorus,Kyrill FitzLyon and Max Hayward,Farrar Straus & Giroux,1976,Une voix dans le chœur,Lucia Galmiche et Guy Verret,Seuil,1974,,,,,,,,,,no,,high
Толстая-1,Толстая Татьяна Никитична,Tolstaia Tatiana,Кысь,The Slynx,Jamey Gambrell,New York Review Books,2007,Le Slynx,Sophie Benech,Robert Laffont,2003,,,,,,,,,,no,,high
Толстой-1,Толстой Лев Николаевич,Tolstoy Leo,Война и мир,War and Peace,Ann Dunnigan / Louise and Aylmer Maude / Anthony Briggs / others,various,various,La Guerre et la Paix,Irène Paskévitch (une Russe),Hetzel,1879,,Guerre et Paix,Boris de Schloezer,Bossard,1922,Guerre et Paix,Henri Mongault,Gallimard (Bibliothèque de la Pléiade),1942,yes,https://gallica.bnf.fr/ark:/12148/bpt6k5725945v,high
Толстой-2,Толстой Лев Николаевич,Tolstoy Leo,Детство отрочество юность,Childhood Boyhood and Youth,Louise and Aylmer Maude / others,various,various,Enfance et Adolescence,J. Wladimir Bienstock,Librairie Paul Ollendorff / Bibliothèque-Charpentier,1886,,Enfance - Adolescence - Jeunesse,Sylvie Luneau,Gallimard (Collection Folio),1999,"Enfance, Adolescence, Jeunesse",Michel Rostislav Hofmann,Éditions du Progrès (Moscow),1975,yes,https://gallica.bnf.fr,high
Толстой-3,Толстой Лев Николаевич,Tolstoy Leo,Плоды просвещения,The Fruits of Enlightenment,Peter Rudy,Holt Rinehart & Winston,1965,Les Fruits de la civilisation,Ernest Jaubert,Perrin,1891,,Les Fruits de l'instruction,"Bienstock, J.-Wladimir",Stock,1902,Les Fruits de la science,Michel Delines (pseudonym of Princess Tenicheff),Savine,1891,yes,https://gallica.bnf.fr/ark:/12148/bpt6k57497892,high
Толстой-4,Толстой Лев Николаевич,Tolstoy Leo,Власть тьмы,The Power of Darkness,George Rapall Noyes and George Z. Patrick,,,La Puissance des ténèbres,Isaac Pavlovsky,Savine,1888,,La Puissance des ténèbres,E. Halpérine-Kaminsky et Charles Morice,Perrin,1888,La Puissance des ténèbres,Michel Delines (pseudonym of Bienstock and Halpérine-Kaminsky),Stock,1895,yes,https://gallica.bnf.fr/ark:/12148/bpt6k54590439,high
Трифонов-1,Трифонов Юрий Валентинович,Trifonov Iurii,Долгое прощание,The Long Goodbye,Helen P. Burlingame,Ann Arbor: Ardis,1978,Le Long Adieu,Lily Dennis,Gallimard,1979,,Un Long Adieu,Lily Dennis,Gallimard,1982,,,,,no,,high
Трифонов-2,Трифонов Юрий Валентинович,Trifonov Iurii,Дом на набережной,The House on the Embankment,Michael Glenny,Simon & Schuster,1983,La Maison du quai,Lily Dennis,Albin Michel,1978,,La Maison sur le quai,Lily Dennis,Gallimard,1980,L'Immeuble sur le quai,Anne Coldefy-Faucard,Noir sur Blanc,2012,no,,high
Трифонов-3,Трифонов Юрий Валентинович,Trifonov Iurii,Другая жизнь,Another Life,Michael Glenny,,,Une autre vie,Lily Denis,Albin Michel,1977,,Une autre vie,Lily Denis,Gallimard,1988,,,,,no,,high
Трифонов-4,Трифонов Юрий Валентинович,Trifonov Iurii,Обмен,The Exchange,Ellendes Proffer,,,L'Échange,Lily Denis,Gallimard,1976,,L'Échange,Lily Denis,Gallimard,1987,L'Échange,Lily Denis,Albin Michel,1978,no,,high
Трифонов-5,Трифонов Юрий Валентинович,Trifonov Iurii,Предварительные итоги,Taking Stock,Helen P. Burlingame,,,Bilan préliminaire,Lily Denis,Gallimard,1973,,Bilan provisoire,Lily Denis,Gallimard,1973,,,,,no,,high
Трифонов-6,Трифонов Юрий Валентинович,Trifonov Iurii,Старик,The Old Man,Jacqueline Edwards and Mitchell Schneider,Simon & Schuster,1984,Le Vieillard,Lily Denis,Albin Michel,1985,,Le Vieux,Lily Denis,Éditions du Seuil,1987,,,,,no,,high
Тургенев-1,Тургенев Иван Сергеевич,Turgenev Ivan,Месяц в деревне,A Month in the Country,Ariadne Nicolaeff / others,various,various,Un mois à la campagne,Henri Mongault,Plon,1922,,Un mois à la campagne,Denis Roche,L'Arche,1977,Un mois à la campagne,Édouard Filippi,Théâtre National Populaire / L'Arche,1966,no,,high
Тургенев-2,Тургенев Иван Сергеевич,Turgenev Ivan,Отцы и дети,Fathers and Sons,various,various,various,Pères et enfants,Ernest Charrière,Hetzel,1863,,Pères et fils,Eugène Durand,Hachette,1864,Pères et enfants,Ivan Tourguéneff and Louis Viardot,Hetzel,1864,yes,https://gallica.bnf.fr/ark:/12148/bpt6k55614774,high
Тургенев-3,Тургенев Иван Сергеевич,Turgenev Ivan,Первая любовь,First Love,various,various,various,Premier amour,Mérimée Prosper,Revue des Deux Mondes,1863,,Premier amour,Mérimée Prosper,Hachette,1869,Premier amour,Viardot Louis,Hetzel,1875,yes,https://gallica.bnf.fr,high
Улицкая-1,Улицкая Людмила Евгеньевна,Ulitskaia Liudmila,Медея и ее дети,Medea and Her Children,Arch Tait,Schocken Books,2002,Médée et ses enfants,Sophie Benech,Gallimard,1996,,,,,,,,,,no,,high
Улицкая-2,Улицкая Людмила Евгеньевна,Ulitskaia Liudmila,Пиковая дама,The Queen of Spades,Arch Tait,,,La Dame de pique,Sophie Benech,Gallimard,2002,,,,,,,,,,no,,high
Улицкая-3,Улицкая Людмила Евгеньевна,Ulitskaia Liudmila,Зверь,The Beast,Arch Tait,,,La Bête,Sophie Benech,Gallimard,2002,,,,,,,,,,no,,high
Федин-1,Федин Константин Александрович,Fedin Konstantin,Города и годы,Cities and Years,Michael Scammell,Westport: Greenwood Press,1975,Villes et années,Victor Serge et Edith Gérard-Séjac,Rieder,1928,,Villes et années,Victor Serge et Edith Gérard-Séjac,Éditions de Moscou,1947,,,,,no,,high
Фонвизин-1,Фонвизин Денис Иванович,Fonvizin Denis,Недоросль,The Minor,Marvin Kantor,,,Le Mineur,Prosper de Barante,Ladvocat,1823,,Le Brigand ou l'éducation à la mode,Auguste de Geyer,Delaunay,1824,Le Mineur,Denis Roche,L'Âge d'Homme,1969,yes,https://gallica.bnf.fr,high
Чехов-1,Чехов Антон Павлович,Chekhov Anton,Пьеса без названия (Платонов),Platonov,David Magarshack / Ronald Hingley,various,various,Platonov,Elsa Triolet,Les Éditeurs Français Réunis,1956,,Ce fou de Platonov,Édouard Brasey,L'Arche,1970,Platonov,André Markowicz,Actes Sud-Papiers,2001,no,,high
Чехов-2,Чехов Антон Павлович,Chekhov Anton,Вишневый сад,The Cherry Orchard,various,various,various,,,,La Cerisaie,,,,,,,,,,,,low
Чехов-3,Чехов Антон Павлович,Chekhov Anton,Иванов,Ivanov,various,various,various,Ivanoff,Denis Roche,Plon-Nourrit,1921,,Ivanoff,Madeleine Durand and Edouard Sack,L'Arche,1956,Ivanov,André Markowicz and Françoise Morvan,Actes Sud/Babel,1996,yes,https://gallica.bnf.fr/ark:/12148/bpt6k9762295k,high
Чехов-4,Чехов Антон Павлович,Chekhov Anton,Чайка,The Seagull,various,various,various,La Mouette,Denis Roche,Stock,1922,,La Mouette,Madeleine Durand et André Markowicz,Actes Sud-Papiers,1996,La Mouette,Elsa Triolet,Les Éditeurs Français Réunis,1954,yes,https://fr.wikisource.org/wiki/La_Mouette_(Tchékhov),high
Чехов-5,Чехов Антон Павлович,Chekhov Anton,Три сестры,Three Sisters,various,various,various,Les Trois Sœurs,Denis Roche,L'Arche,1958,,Les Trois Sœurs,Elsa Triolet,Les Éditeurs français réunis,1954,Les Trois Sœurs,Génia Cannac and Georges Perros,L'Arche,1973,yes,https://gallica.bnf.fr,high
Чудаков-1,Чудаков Александр Павлович,Chudakov Aleksandr,Ложится мгла на старые ступени,A Gloom Descends Upon the Ancient Steps,Timothy D. Sergay,forthcoming,,,,,,,,,,,,,,,,,high
Чуковская-1,Чуковская Лидия Корнеевна,Chukovskaia Lidiia,Опустелый дом,The Deserted House,Aline B. Werth,New York Dutton,1967,La Maison déserte,Sophie Benech,Albin Michel,1968,,La Maison déserte,Sophie Benech,Éditions des Syrtes,2005,,,,,no,,high
Чуковская-2,Чуковская Лидия Корнеевна,Chukovskaia Lidiia,Спуск под воду,Going Under,Peter M. Weston,New York Times Book Co.,1972,La Plongée,Sophie Benech,Des femmes,1989,,,,,,,,,,no,,high
Шварц-1,Шварц Евгений Львович,Shvarts Evgenii,Голый король,The Naked King,Marion Boyars,1976,,Le Roi nu,André Markowicz et Françoise Morvan,Actes Sud-Papiers,1991,,Le Roi nu,Nina Kéhayan,L'Arche,1973,,,,,no,,high
Шварц-2,Шварц Евгений Львович,Shvarts Evgenii,Дракон,The Dragon,Robert Daglish,,,Le Dragon,André Markowicz et Françoise Morvan,Actes Sud-Papiers,1991,,Le Dragon,Nina Gourfinkel,L'Arche,1968,Le Dragon,Michel Rostain,Théâtre National de Chaillot / Avant-Scène Théâtre,1984,no,,high
Шварц-3,Шварц Евгений Львович,Shvarts Evgenii,Тень,The Shadow,,,,L'Ombre,André Barsacq et Nino Frank,L'Arche,1959,,L'Ombre,Genia Cannac,La Bibliothèque Russe de l'Institut d'Études Slaves,1963,L'Ombre,Michel Deutsch,Éditions Théâtrales,2001,no,,high
Шолохов-1a,Шолохов Михаил Александрович,Sholokhov Mikhail,Судьба человека,One Man's Destiny,H.C. Stevens,New York: Knopf,1967,Le destin d'un homme,Antoine Vitez,Julliard,1959,,Le sort d'un homme,Various translators in different editions,Éditions en langues étrangères (Moscow) / Éditions du Progrès,1960s,Le destin d'un homme,Antoine Vitez,Le Livre de Poche,1974,no,,high
Шолохов-1b,Шолохов Михаил Александрович,Sholokhov Mikhail,Судьба человека,The Fate of a Man,Miriam Morton,,,Le Destin d'un homme,Antoine Vitez,Julliard,1959,,Le Sort d'un homme,Various translators in different editions,Éditions en langues étrangères (Moscow) / Éditions du Progrès,1960s,Le Destin d'un homme,Michel Pétris,Raduga,1984,no,,high
Шолохов-1c,Шолохов Михаил Александрович,Sholokhov Mikhail,Судьба человека,One Man's Destiny,Robert Daglish,Moscow: Raduga,1984,Le Sort d'un homme,Antoine Vitez,Éditeurs Français Réunis,1959,,Le Destin d'un homme,Michel Parfenov,Éditions du Progrès (Moscow),1967,Le Destin d'un homme,Lily Denis,Gallimard,1991,no,,high
Шолохов-2a,Шолохов Михаил Александрович,Sholokhov Mikhail,Тихий Дон книга первая,Quiet Flows the Don Book One,Robert Daglish,Moscow: Raduga,1984,Le Don paisible,Antoine Vitez,Julliard / Presses de la Cité,1959-1991,8 vols originally; reissued Omnibus 1991,Le Don paisible (ou Et paisiblement coule le Don),Michel Pétris,Éditions du Progrès (Moscow),1960s-1970s,Le Don paisible,Antoine Vitez,Le Livre de Poche,1962,no,,high
Шолохов-2b,Шолохов Михаил Александрович,Sholokhov Mikhail,Тихий Дон книга первая,And Quiet Flows the Don Book One,Stephen Garry,Foreign Languages Publishing House,n.d.,Le Don paisible,Antoine Vitez,Julliard / Presses de la Cité,1959-1991,,Le Don paisible,Michel Pétris,Progrès (Moscou),1950s,Le Don paisible (intégrale),Antoine Vitez,Seuil (collection Points),1980s,no,,high
Шолохов-3a,Шолохов Михаил Александрович,Sholokhov Mikhail,Тихий Дон книга вторая,Quiet Flows the Don Book Two,Robert Daglish,Moscow: Raduga,1984,Le Don paisible,Antoine Vitez,Julliard / Presses de la Cité,1959-1991,,Le Don paisible (tome 2),Antoine Vitez,Le Livre de Poche,1966,Le Don paisible (tome 2),Antoine Vitez,Bouquins/Robert Laffont,1992,no,,high
Шолохов-3b,Шолохов Михаил Александрович,Sholokhov Mikhail,Тихий Дон книга вторая,And Quiet Flows the Don Book Two,Stephen Garry,Foreign Languages Publishing House,n.d.,Le Don paisible,Antoine Vitez,Julliard / Presses de la Cité,1959-1991,,Le Don paisible,Antoine Vitez,Plon,1962,Le Don paisible (deuxième partie),Antoine Vitez,Gallimard (Folio),1989,no,,high
Шолохов-4,Шолохов Михаил Александрович,Sholokhov Mikhail,Тихий Дон книга третья,Quiet Flows the Don Book Three,Robert Daglish,Moscow: Raduga,1984,Le Don paisible,Antoine Vitez,Julliard / Presses de la Cité,1959-1991,,Le Don paisible,Antoine Vitez,Plon / Julliard (Collection 'Feux croisés'),1964,Le Don paisible,Antoine Vitez,Le Livre de Poche,1974,no,,high
Шолохов-5,Шолохов Михаил Александрович,Sholokhov Mikhail,Тихий Дон книга четвертая,Quiet Flows the Don Book Four,Robert Daglish,Moscow: Raduga,1984,Le Don paisible,Antoine Vitez,Julliard / Presses de la Cité,1959-1991,,Le Don paisible,Antoine Vitez,Seuil (collection Points),1982,Le Don paisible,Antoine Vitez,Éditions du Progrès (Moscow),1975,no,,high
Шукшин-1,Шукшин Василий Макарович,Shukshin Vasily,Калина красная,Snowball Berry Red and Other Stories,Donald M. Fiene,Ann Arbor: Ardis,1979,Boule-de-neige rouge,Lily Denis,Éditions Raduga,1983,,La Viorne rouge,Sophie Benech,Éditions des Syrtes,2015,,,,,no,,high
Эппель-1,Эппель Асар Исаевич,Eppel Asar,Травяная улица,Grassy Street,Joanne Turnbull,GLAS Publishers,1998,,,,,,,,,,,,,,,,high
Эрдман-1,Эрдман Николай Робертович,Erdman Nikolai,Самоубийца,The Suicide / The Mandate,George Genereux Jr. and Jacob Volkov,Ann Arbor: Ardis,1975,Le Suicidé,André Markowicz et Françoise Morvan,Actes Sud-Papiers,1990,,Le Suicide,Lily Denis,L'Arche,1982,,,,,no,,high
Эренбург-1,Эренбург Илья Григорьевич,Erenburg Ilia,Буря,The Storm,J. Fineberg,Gaer Associates,1949,La Tempête,M. Weinstein,Éditions de la Nouvelle Critique,1949,,La Tempête,M. Weinstein,Éditions Hier et Aujourd'hui,1949,,,,,no,,high
Эренбург-2,Эренбург Илья Григорьевич,Erenburg Ilia,Любовь Жанны Ней,The Love of Jeanne Ney,Helen Chrouschoff Matheson,Doubleday,1930,L'Amour de Jeanne Ney,Victor Serge,Gallimard,1929,,,,,,,,,,no,,high
Эренбург-3,Эренбург Илья Григорьевич,Erenburg Ilia,Оттепель,The Thaw,Manya Harari,Regnery,1955,Le Dégel,Michel Gordey,Éditions Julliard,1955,,Le Dégel,Collective translation (Éditions en langues étrangères),Éditions en langues étrangères (Moscow),1955,,,,,no,,high
Эренбург-4,Эренбург Илья Григорьевич,Erenburg Ilia,Падение Парижа,The Fall of Paris,Gerard Shelley,New York: Knopf,1943,La Chute de Paris,Madeleine Éristov,Éditions de la Bibliothèque française,1942,,La Chute de Paris,Madeleine Éristov,Éditions Hier et Aujourd'hui,1945,La Chute de Paris,Madeleine Éristov,Éditions françaises réunies,1948,no,,high
Эткинд-1,Эткинд Ефим Григорьевич,Etkind Efim,Записки незаговорщика,Notes of a Non-Conspirator,Peter France,Oxford Univ. Press,1978,Un art en crise : essai de poétique de la traduction poétique,Wladimir Troubetzkoy,L'Âge d'Homme,1982,,,,,,,,,,no,,high
